{
  "$schema": "https://developer.microsoft.com/json-schemas/fabric/item/report/definition/visualContainer/1.0.0/schema.json",
  "name": "fbcaa4e97e410cd4ae2a",
  "position": {
    "x": 10.281124497991968,
    "y": 0,
    "z": 0,
    "width": 1013.9759036144579,
    "height": 530.76305220883535,
    "tabOrder": 0
  },
  "visual": {
    "visualType": "columnChart",
    "query": {
      "queryState": {
        "Category": {
          "projections": [
            {
              "field": {
                "Column": {
                  "Expression": {
                    "SourceRef": {
                      "Entity": "PACTIC_LOAD"
                    }
                  },
                  "Property": "Ano"
                }
              },
              "queryRef": "PACTIC_LOAD.Ano",
              "nativeQueryRef": "Soma de Ano",
              "active": true
            }
          ]
        },
        "Y": {
          "projections": [
            {
              "field": {
                "Aggregation": {
                  "Expression": {
                    "Column": {
                      "Expression": {
                        "SourceRef": {
                          "Entity": "PACTIC_LOAD"
                        }
                      },
                      "Property": "Valor Orçamento"
                    }
                  },
                  "Function": 0
                }
              },
              "queryRef": "Sum(PACTIC_LOAD.Valor Orçamento)",
              "nativeQueryRef": "Valor Orçamento Total",
              "displayName": "Valor Orçamento Total"
            },
            {
              "field": {
                "Aggregation": {
                  "Expression": {
                    "Column": {
                      "Expression": {
                        "SourceRef": {
                          "Entity": "PACTIC_LOAD"
                        }
                      },
                      "Property": "Valor Contratado"
                    }
                  },
                  "Function": 0
                }
              },
              "queryRef": "Sum(PACTIC_LOAD.Valor Contratado)",
              "nativeQueryRef": "Valor Contratado Total",
              "displayName": "Valor Contratado Total"
            },
            {
              "field": {
                "Measure": {
                  "Expression": {
                    "SourceRef": {
                      "Entity": "PACTIC_LOAD"
                    }
                  },
                  "Property": "Diferença_Orcado_Contratado"
                }
              },
              "queryRef": "PACTIC_LOAD.Diferença_Orcado_Contratado",
              "nativeQueryRef": "Diferença_Orcado_Contratado"
            }
          ]
        }
      },
      "sortDefinition": {
        "sort": [
          {
            "field": {
              "Aggregation": {
                "Expression": {
                  "Column": {
                    "Expression": {
                      "SourceRef": {
                        "Entity": "PACTIC_LOAD"
                      }
                    },
                    "Property": "Valor Orçamento"
                  }
                },
                "Function": 0
              }
            },
            "direction": "Descending"
          }
        ],
        "isDefaultSort": true
      }
    },
    "objects": {
      "ribbonBands": [
        {
          "properties": {
            "show": {
              "expr": {
                "Literal": {
                  "Value": "true"
                }
              }
            }
          }
        }
      ],
      "labels": [
        {
          "properties": {
            "show": {
              "expr": {
                "Literal": {
                  "Value": "true"
                }
              }
            }
          }
        }
      ],
      "valueAxis": [
        {
          "properties": {
            "gridlineColor": {
              "solid": {
                "color": {
                  "expr": {
                    "ThemeDataColor": {
                      "ColorId": 2,
                      "Percent": -0.25
                    }
                  }
                }
              }
            },
            "gridlineTransparency": {
              "expr": {
                "Literal": {
                  "Value": "39D"
                }
              }
            },
            "gridlineAutoScale": {
              "expr": {
                "Literal": {
                  "Value": "false"
                }
              }
            },
            "showAxisTitle": {
              "expr": {
                "Literal": {
                  "Value": "false"
                }
              }
            }
          }
        }
      ],
      "zoom": [
        {
          "properties": {
            "show": {
              "expr": {
                "Literal": {
                  "Value": "true"
                }
              }
            }
          }
        }
      ],
      "legend": [
        {
          "properties": {
            "showGradientLegend": {
              "expr": {
                "Literal": {
                  "Value": "true"
                }
              }
            },
            "show": {
              "expr": {
                "Literal": {
                  "Value": "true"
                }
              }
            }
          }
        }
      ],
      "categoryAxis": [
        {
          "properties": {
            "showAxisTitle": {
              "expr": {
                "Literal": {
                  "Value": "true"
                }
              }
            }
          }
        }
      ]
    },
    "visualContainerObjects": {
      "background": [
        {
          "properties": {
            "color": {
              "solid": {
                "color": {
                  "expr": {
                    "ThemeDataColor": {
                      "ColorId": 2,
                      "Percent": 0.6
                    }
                  }
                }
              }
            },
            "transparency": {
              "expr": {
                "Literal": {
                  "Value": "62D"
                }
              }
            }
          }
        }
      ],
      "border": [
        {
          "properties": {
            "show": {
              "expr": {
                "Literal": {
                  "Value": "true"
                }
              }
            },
            "radius": {
              "expr": {
                "Literal": {
                  "Value": "7D"
                }
              }
            }
          }
        }
      ],
      "dropShadow": [
        {
          "properties": {
            "show": {
              "expr": {
                "Literal": {
                  "Value": "true"
                }
              }
            }
          }
        }
      ]
    },
    "drillFilterOtherVisuals": true
  }
}