{
  "$schema": "https://developer.microsoft.com/json-schemas/fabric/item/report/definition/visualContainer/1.0.0/schema.json",
  "name": "588cf3ffde7065ed0c07",
  "position": {
    "x": 10.281124497991968,
    "y": 0,
    "z": 0,
    "width": 769.79919678714862,
    "height": 652.85140562249,
    "tabOrder": 0
  },
  "visual": {
    "visualType": "pieChart",
    "query": {
      "queryState": {
        "Category": {
          "projections": [
            {
              "field": {
                "Column": {
                  "Expression": {
                    "SourceRef": {
                      "Entity": "PACTIC_LOAD"
                    }
                  },
                  "Property": "Situação"
                }
              },
              "queryRef": "PACTIC_LOAD.Situação",
              "nativeQueryRef": "Situação",
              "active": true
            }
          ]
        },
        "Y": {
          "projections": [
            {
              "field": {
                "Measure": {
                  "Expression": {
                    "SourceRef": {
                      "Entity": "PACTIC_LOAD"
                    }
                  },
                  "Property": "Ano_Corrente"
                }
              },
              "queryRef": "PACTIC_LOAD.Ano_Corrente",
              "nativeQueryRef": "Ano_Corrente"
            }
          ]
        }
      },
      "sortDefinition": {
        "sort": [
          {
            "field": {
              "Measure": {
                "Expression": {
                  "SourceRef": {
                    "Entity": "PACTIC_LOAD"
                  }
                },
                "Property": "Ano_Corrente"
              }
            },
            "direction": "Descending"
          }
        ],
        "isDefaultSort": true
      }
    },
    "objects": {
      "slices": [
        {
          "properties": {
            "startAngle": {
              "expr": {
                "Literal": {
                  "Value": "29L"
                }
              }
            }
          }
        }
      ]
    },
    "visualContainerObjects": {
      "background": [
        {
          "properties": {
            "color": {
              "solid": {
                "color": {
                  "expr": {
                    "ThemeDataColor": {
                      "ColorId": 2,
                      "Percent": 0.6
                    }
                  }
                }
              }
            },
            "transparency": {
              "expr": {
                "Literal": {
                  "Value": "64D"
                }
              }
            }
          }
        }
      ],
      "border": [
        {
          "properties": {
            "show": {
              "expr": {
                "Literal": {
                  "Value": "true"
                }
              }
            },
            "radius": {
              "expr": {
                "Literal": {
                  "Value": "2D"
                }
              }
            }
          }
        }
      ],
      "dropShadow": [
        {
          "properties": {
            "show": {
              "expr": {
                "Literal": {
                  "Value": "true"
                }
              }
            }
          }
        }
      ],
      "visualHeader": [
        {
          "properties": {
            "background": {
              "solid": {
                "color": {
                  "expr": {
                    "ThemeDataColor": {
                      "ColorId": 0,
                      "Percent": -0.2
                    }
                  }
                }
              }
            },
            "showTooltipButton": {
              "expr": {
                "Literal": {
                  "Value": "true"
                }
              }
            },
            "showSmartNarrativeButton": {
              "expr": {
                "Literal": {
                  "Value": "true"
                }
              }
            }
          }
        }
      ],
      "visualHeaderTooltip": [
        {
          "properties": {
            "type": {
              "expr": {
                "Literal": {
                  "Value": "'Canvas'"
                }
              }
            }
          }
        }
      ]
    },
    "drillFilterOtherVisuals": true
  },
  "filterConfig": {
    "filters": [
      {
        "name": "44e52692-34b6-4f58-9322-860d7a2b0e84",
        "field": {
          "Measure": {
            "Expression": {
              "SourceRef": {
                "Entity": "PACTIC_LOAD"
              }
            },
            "Property": "Ano_Corrente"
          }
        },
        "filter": {
          "Version": 2,
          "From": [
            {
              "Name": "p",
              "Entity": "PACTIC_LOAD",
              "Type": 0
            }
          ],
          "Where": [
            {
              "Condition": {
                "Comparison": {
                  "ComparisonKind": 0,
                  "Left": {
                    "Measure": {
                      "Expression": {
                        "SourceRef": {
                          "Source": "p"
                        }
                      },
                      "Property": "Ano_Corrente"
                    }
                  },
                  "Right": {
                    "Literal": {
                      "Value": "2024L"
                    }
                  }
                }
              }
            }
          ]
        },
        "type": "Advanced"
      }
    ]
  }
}