{
  "version": "1.1.0",
  "diagrams": [
    {
      "ordinal": 0,
      "scrollPosition": {
        "x": 0,
        "y": 0
      },
      "nodes": [
        {
          "location": {
            "x": 330.38305001469394,
            "y": 61.681764968380378
          },
          "nodeIndex": "DIM_AREA_SOLICITANTE",
          "nodeLineageTag": "5b6ab563-4a93-498d-8244-2079892ecbc6",
          "size": {
            "height": 128,
            "width": 234
          },
          "zIndex": 0
        },
        {
          "location": {
            "x": 0,
            "y": 159.68176496838038
          },
          "nodeIndex": "GASTO_POR_DEPARTAMENTO",
          "nodeLineageTag": "dda71031-b220-4e0a-9e88-db1f26684948",
          "size": {
            "height": 128,
            "width": 234
          },
          "zIndex": 0
        },
        {
          "location": {
            "x": 408,
            "y": 290.68176496838038
          },
          "nodeIndex": "PACTIC_LOAD",
          "nodeLineageTag": "98192dc0-ffa7-4309-89fb-271a90250edd",
          "size": {
            "height": 300,
            "width": 234
          },
          "zIndex": 0
        },
        {
          "location": {
            "x": 940.38305001469416,
            "y": 376.68176496838038
          },
          "nodeIndex": "EFICIENCIA_PLANEJAMENTO",
          "nodeLineageTag": "75fcceb2-6932-4b9d-9f81-227a0fee573f",
          "size": {
            "height": 128,
            "width": 234
          },
          "zIndex": 0
        },
        {
          "location": {
            "x": 1792.3830500146942,
            "y": 226.18176496838038
          },
          "nodeIndex": "CALENDARIO",
          "size": {
            "height": 200,
            "width": 234
          },
          "zIndex": 0
        },
        {
          "location": {
            "x": 2591.353413993806,
            "y": 514.36352993676087
          },
          "nodeIndex": "DIM_ACAO",
          "nodeLineageTag": "8c51132a-3a61-4d8b-8693-4bce4caa9bce",
          "size": {
            "height": 128,
            "width": 234
          },
          "zIndex": 0
        },
        {
          "location": {
            "x": 2865.353413993806,
            "y": 262.18176496838038
          },
          "nodeIndex": "DIM_ANO_PLANO",
          "nodeLineageTag": "68926b20-09ad-45cf-bcac-b99ce0e424cf",
          "size": {
            "height": 128,
            "width": 234
          },
          "zIndex": 0
        },
        {
          "location": {
            "x": 2448.8365296761785,
            "y": -10
          },
          "nodeIndex": "DIM_DEPARTAMENTO",
          "nodeLineageTag": "d49f0ed1-c199-446c-be4d-d75feb2f865e",
          "size": {
            "height": 152,
            "width": 234
          },
          "zIndex": 0
        },
        {
          "location": {
            "x": 2086.3830500146942,
            "y": 314.50022867997313
          },
          "nodeIndex": "DIM_SITUACAO",
          "nodeLineageTag": "5239e95e-f7f1-4503-b535-43af714abb14",
          "size": {
            "height": 128,
            "width": 234
          },
          "zIndex": 0
        },
        {
          "location": {
            "x": 2370.6018653558867,
            "y": 192.20636795813942
          },
          "nodeIndex": "FATO",
          "nodeLineageTag": "326ccf45-0e5e-4f90-a227-7f6f7b05ba3c",
          "size": {
            "height": 272,
            "width": 234
          },
          "zIndex": 0
        }
      ],
      "name": "Todas as tabelas",
      "zoomValue": 100,
      "pinKeyFieldsToTop": false,
      "showExtraHeaderInfo": false,
      "hideKeyFieldsWhenCollapsed": false,
      "tablesLocked": false
    }
  ],
  "selectedDiagram": "Todas as tabelas",
  "defaultDiagram": "Todas as tabelas"
}