{
  "$schema": "https://developer.microsoft.com/json-schemas/fabric/item/report/definition/visualContainer/1.0.0/schema.json",
  "name": "293eecc5ccb9401eb709",
  "position": {
    "x": 10.281124497991968,
    "y": 0,
    "z": 0,
    "width": 769.79919678714862,
    "height": 652.85140562249,
    "tabOrder": 0
  },
  "visual": {
    "visualType": "pieChart",
    "query": {
      "queryState": {
        "Series": {
          "projections": [
            {
              "field": {
                "Column": {
                  "Expression": {
                    "SourceRef": {
                      "Entity": "GASTO_POR_DEPARTAMENTO"
                    }
                  },
                  "Property": "Departamento"
                }
              },
              "queryRef": "GASTO_POR_DEPARTAMENTO.Departamento",
              "nativeQueryRef": "Departamento"
            }
          ]
        },
        "Y": {
          "projections": [
            {
              "field": {
                "Aggregation": {
                  "Expression": {
                    "Column": {
                      "Expression": {
                        "SourceRef": {
                          "Entity": "GASTO_POR_DEPARTAMENTO"
                        }
                      },
                      "Property": "Gasto_Por_Departamento"
                    }
                  },
                  "Function": 5
                }
              },
              "queryRef": "CountNonNull(GASTO_POR_DEPARTAMENTO.Gasto_Por_Departamento)",
              "nativeQueryRef": "Gasto Por Departamento",
              "displayName": "Gasto Por Departamento"
            }
          ]
        }
      },
      "sortDefinition": {
        "sort": [
          {
            "field": {
              "Aggregation": {
                "Expression": {
                  "Column": {
                    "Expression": {
                      "SourceRef": {
                        "Entity": "GASTO_POR_DEPARTAMENTO"
                      }
                    },
                    "Property": "Gasto_Por_Departamento"
                  }
                },
                "Function": 5
              }
            },
            "direction": "Descending"
          }
        ],
        "isDefaultSort": true
      }
    },
    "objects": {
      "slices": [
        {
          "properties": {
            "startAngle": {
              "expr": {
                "Literal": {
                  "Value": "29L"
                }
              }
            }
          }
        }
      ]
    },
    "visualContainerObjects": {
      "background": [
        {
          "properties": {
            "color": {
              "solid": {
                "color": {
                  "expr": {
                    "ThemeDataColor": {
                      "ColorId": 2,
                      "Percent": 0.6
                    }
                  }
                }
              }
            },
            "transparency": {
              "expr": {
                "Literal": {
                  "Value": "64D"
                }
              }
            }
          }
        }
      ],
      "border": [
        {
          "properties": {
            "show": {
              "expr": {
                "Literal": {
                  "Value": "true"
                }
              }
            },
            "radius": {
              "expr": {
                "Literal": {
                  "Value": "2D"
                }
              }
            }
          }
        }
      ],
      "dropShadow": [
        {
          "properties": {
            "show": {
              "expr": {
                "Literal": {
                  "Value": "true"
                }
              }
            }
          }
        }
      ],
      "visualHeader": [
        {
          "properties": {
            "background": {
              "solid": {
                "color": {
                  "expr": {
                    "ThemeDataColor": {
                      "ColorId": 0,
                      "Percent": -0.2
                    }
                  }
                }
              }
            },
            "showTooltipButton": {
              "expr": {
                "Literal": {
                  "Value": "true"
                }
              }
            },
            "showSmartNarrativeButton": {
              "expr": {
                "Literal": {
                  "Value": "true"
                }
              }
            }
          }
        }
      ],
      "visualHeaderTooltip": [
        {
          "properties": {
            "type": {
              "expr": {
                "Literal": {
                  "Value": "'Canvas'"
                }
              }
            }
          }
        }
      ]
    },
    "drillFilterOtherVisuals": true
  }
}